1,1412
2,1490
po000001.jpg,545
po000002.jpg,751
po000005.jpg,1076
po000006.jpg,1594
po000008.jpg,562
po000011.jpg,1515
po000012.jpg,1075
po000013.jpg,133
po000015.jpg,1758
po000017.jpg,1598
po000018.jpg,1750
po000020.jpg,340
po000022.jpg,1433
po000023.jpg,1460
po000024.jpg,197
po000025.jpg,1441
po000026.jpg,1685
po000027.jpg,260
po000029.jpg,871
po000030.jpg,1494
po000032.jpg,1283
po000033.jpg,130
po000034.jpg,36
po000035.jpg,226
po000038.jpg,330
po000039.jpg,262
po000041.jpg,1597
po000042.jpg,1485
po000043.jpg,66
po000044.jpg,1409
po000045.jpg,1939
po000046.jpg,285
po000047.jpg,228
po000048.jpg,363
po000049.jpg,1526
po000050.jpg,1864
po000051.jpg,482
po000052.jpg,1862
po000053.jpg,1407
po000057.jpg,950
po000058.jpg,673
po000059.jpg,768
po000060.jpg,624
po000061.jpg,1707
po000062.jpg,141
po000063.jpg,926
po000067.jpg,505
po000068.jpg,157
po000069.jpg,774
po000070.jpg,1749
po000072.jpg,953
po000073.jpg,339
po000074.jpg,1030
po000075.jpg,951
po000076.jpg,2020
po000077.jpg,1280
po000078.jpg,1438
po000082.jpg,1875
po000083.jpg,687
po000084.jpg,844
po000085.jpg,841
po000086.jpg,1575
po000087.jpg,909
po000089.jpg,375
po000090.jpg,1281
po000091.jpg,372
po000092.jpg,397
po000093.jpg,1497
po000094.jpg,452
po000095.jpg,1763
po000096.jpg,1568
po000097.jpg,376
po000098.jpg,425
po000099.jpg,607
po000101.jpg,96
po000102.jpg,393
po000103.jpg,766
po000104.jpg,702
po000105.jpg,689
po000106.jpg,1537
po000107.jpg,1415
po000108.jpg,1797
po000109.jpg,1760
po000110.jpg,1002
po000111.jpg,472
po000113.jpg,691
po000114.jpg,1003
po000115.jpg,859
po000116.jpg,225
po000117.jpg,236
po000118.jpg,728
po000120.jpg,1841
po000121.jpg,1824
po000122.jpg,1607
po000123.jpg,1079
po000124.jpg,1636
po000139.jpg,592
po000165.jpg,693
po000170.jpg,721
po000172.jpg,1982
po000174.jpg,896
po000177.jpg,1004
po000178.jpg,1131
po000180.jpg,1484
po000181.jpg,1643
po000183.jpg,767
po000188.jpg,1646
po000189.jpg,1324
po000190.jpg,429
po000192.jpg,1724
po000193.jpg,188
po000194.jpg,1070
po000196.jpg,1328
po000198.jpg,322
po000199.jpg,1514
po000200.jpg,1716
po000201.jpg,910
po000202.jpg,127
po000203.jpg,1361
po000204.jpg,1252
po000205.jpg,873
po000206.jpg,2022
po000207.jpg,1801
po000208.jpg,1487
po000209.jpg,628
po000210.jpg,455
po000211.jpg,1632
po000212.jpg,205
po000213.jpg,529
po000214.jpg,549
po000215.jpg,981
po000216.jpg,779
po000217.jpg,1231
po000218.jpg,1447
po000219.jpg,1492
po000220.jpg,370
po000221.jpg,407
po000222.jpg,1589
po000223.jpg,107
po000224.jpg,1306
po000226.jpg,25
po000227.jpg,351
po000228.jpg,1382
po000229.jpg,790
po000231.jpg,1010
po000233.jpg,293
po000234.jpg,797
po000235.jpg,827
po000236.jpg,1410
po000237.jpg,1278
po000238.jpg,569
po000239.jpg,49
po000240.jpg,223
po000241.jpg,1061
po000242.jpg,555
po000243.jpg,699
po000247.jpg,1359
po000248.jpg,782
po000249.jpg,430
po000250.jpg,778
po000252.jpg,557
po000254.jpg,1083
po000256.jpg,1689
po000258.jpg,1983
po000260.jpg,1783
po000262.jpg,348
po000263.jpg,671
po000264.jpg,110
po000265.jpg,1920
po000267.jpg,1780
po000268.jpg,1793
po000269.jpg,940
po000270.jpg,1157
po000271.jpg,74
po000272.jpg,1156
po000273.jpg,752
po000274.jpg,987
po000275.jpg,75
po000276.jpg,1700
po000277.jpg,1462
po000278.jpg,1313
po000282.jpg,179
po000284.jpg,1189
po000285.jpg,379
po000288.jpg,1222
po000291.jpg,1538
po000292.jpg,1923
po000294.jpg,122
po000295.jpg,777
po000296.jpg,196
po000297.jpg,1626
po000298.jpg,265
po000299.jpg,1147
po000300.jpg,476
po000301.jpg,869
po000302.jpg,1666
po000304.jpg,1999
po000305.jpg,1067
po000306.jpg,604
po000307.jpg,1980
po000308.jpg,709
po000309.jpg,1041
po000310.jpg,1917
po000311.jpg,118
po000312.jpg,1133
po000313.jpg,1843
po000314.jpg,125
po000315.jpg,210
po000316.jpg,174
po000317.jpg,670
po000318.jpg,1206
po000319.jpg,1602
po000320.jpg,76
po000321.jpg,971
po000322.jpg,1971
po000323.jpg,678
po000324.jpg,311
po000326.jpg,1468
po000328.jpg,654
po000329.jpg,1322
po000330.jpg,1756
po000331.jpg,1587
po000332.jpg,1561
po000333.jpg,1430
po000334.jpg,1455
po000335.jpg,1355
po000336.jpg,1682
po000337.jpg,1304
po000338.jpg,431
po000340.jpg,30
po000341.jpg,643
po000342.jpg,1303
po000343.jpg,1045
po000344.jpg,589
po000347.jpg,756
po000350.jpg,1819
po000351.jpg,1869
po000352.jpg,235
po000353.jpg,1385
po000355.jpg,780
po000356.jpg,214
po000357.jpg,1651
po000358.jpg,1830
po000359.jpg,1290
po000360.jpg,443
po000361.jpg,1710
po000362.jpg,395
po000364.jpg,1040
po000365.jpg,37
po000366.jpg,1286
po000372.jpg,1903
po000373.jpg,720
po000374.jpg,1091
po000375.jpg,1398
po000376.jpg,568
po000381.jpg,1770
po000384.jpg,1821
po000387.jpg,1764
po000388.jpg,486
po000391.jpg,394
po000395.jpg,834
po000399.jpg,561
po000400.jpg,1513
po000401.jpg,1477
po000403.jpg,1374
po000410.jpg,1553
po000411.jpg,1397
po000412.jpg,1127
po000414.jpg,1585
po000418.jpg,934
po000419.jpg,858
po000425.jpg,1145
po000427.jpg,1662
po000428.jpg,1978
po000430.jpg,516
po000453.jpg,1450
po000454.jpg,613
po000457.jpg,1901
po000458.jpg,162
po000459.jpg,737
po000460.jpg,1357
po000461.jpg,1802
po000462.jpg,935
po000463.jpg,1508
po000464.jpg,1690
po000465.jpg,213
po000466.jpg,975
po000467.jpg,969
po000468.jpg,920
po000469.jpg,713
po000470.jpg,847
po000471.jpg,1688
po000472.jpg,1171
po000473.jpg,266
po000474.jpg,727
po000475.jpg,190
po000476.jpg,1781
po000477.jpg,447
po000479.jpg,450
po000480.jpg,1287
po000481.jpg,244
po000482.jpg,158
po000483.jpg,1732
po000484.jpg,1987
po000486.jpg,410
po000487.jpg,1791
po000488.jpg,929
po000489.jpg,615
po000490.jpg,616
po000491.jpg,538
po000492.jpg,614
po000493.jpg,1262
po000494.jpg,1416
po000495.jpg,1912
po000496.jpg,1464
po000497.jpg,1993
po000498.jpg,1205
po000499.jpg,53
po000502.jpg,809
po000504.jpg,1848
po000505.jpg,685
po000506.jpg,1495
po000507.jpg,1363
po000510.jpg,930
po000511.jpg,160
po000512.jpg,875
po000515.jpg,1289
po000516.jpg,735
po000517.jpg,891
po000518.jpg,1105
po000519.jpg,490
po000520.jpg,80
po000521.jpg,2026
po000522.jpg,1478
po000523.jpg,108
po000524.jpg,1456
po000525.jpg,1274
po000527.jpg,1506
po000530.jpg,1609
po000531.jpg,1088
po000533.jpg,915
po000534.jpg,354
po000536.jpg,332
po000537.jpg,198
po000538.jpg,1810
po000539.jpg,17
po000540.jpg,814
po000541.jpg,105
po000542.jpg,954
po000549.jpg,1650
po000550.jpg,946
po000551.jpg,1572
po000552.jpg,1027
po000553.jpg,1930
po000554.jpg,57
po000555.jpg,1739
po000556.jpg,1268
po000557.jpg,791
po000558.jpg,695
po000559.jpg,1851
po000560.jpg,539
po000561.jpg,1423
po000562.jpg,212
po000563.jpg,1386
po000564.jpg,1270
po000565.jpg,1348
po000566.jpg,582
po000567.jpg,1891
po000568.jpg,1103
po000569.jpg,583
po000570.jpg,1814
po000571.jpg,584
po000572.jpg,1813
po000573.jpg,1504
po000574.jpg,1024
po000575.jpg,1737
po000576.jpg,21
po000577.jpg,661
po000578.jpg,662
po000579.jpg,1738
po000580.jpg,1736
po000581.jpg,1428
po000582.jpg,949
po000583.jpg,136
po000584.jpg,2007
po000585.jpg,739
po000586.jpg,1968
po000587.jpg,819
po000588.jpg,2006
po000589.jpg,1503
po000590.jpg,697
po000591.jpg,18
po000592.jpg,818
po000593.jpg,1421
po000594.jpg,931
po000595.jpg,1569
po000596.jpg,1344
po000597.jpg,134
po000598.jpg,586
po000599.jpg,19
po000600.jpg,54
po000601.jpg,740
po000602.jpg,1341
po000603.jpg,1418
po000604.jpg,1850
po000605.jpg,1343
po000606.jpg,1425
po000607.jpg,1104
po000608.jpg,1107
po000609.jpg,503
po000610.jpg,1928
po000611.jpg,20
po000612.jpg,741
po000613.jpg,1540
po000614.jpg,1422
po000615.jpg,1259
po000616.jpg,1618
po000617.jpg,1152
po000618.jpg,1369
po000619.jpg,1345
po000620.jpg,1500
po000621.jpg,694
po000622.jpg,1325
po000623.jpg,1580
po000624.jpg,1026
po000625.jpg,1658
po000626.jpg,1733
po000627.jpg,56
po000628.jpg,1502
po000629.jpg,1726
po000630.jpg,1183
po000631.jpg,1852
po000632.jpg,1266
po000633.jpg,852
po000634.jpg,1890
po000635.jpg,1417
po000636.jpg,1025
po000637.jpg,1269
po000638.jpg,1727
po000639.jpg,1496
po000640.jpg,1948
po000641.jpg,1353
po000642.jpg,55
po000643.jpg,1499
po000644.jpg,1110
po000645.jpg,98
po000646.jpg,1929
po000647.jpg,897
po000648.jpg,683
po000649.jpg,2008
po000650.jpg,1118
po000651.jpg,1969
po000652.jpg,619
po000653.jpg,1970
po000654.jpg,1424
po000655.jpg,135
po000656.jpg,1595
po000657.jpg,229
po000658.jpg,663
po000659.jpg,849
po000660.jpg,506
po000661.jpg,384
po000662.jpg,1853
po000663.jpg,1725
po000664.jpg,1188
po000665.jpg,1350
po000666.jpg,698
po000667.jpg,1366
po000668.jpg,872
po000669.jpg,1267
po000670.jpg,176
po000671.jpg,870
po000672.jpg,1734
po000673.jpg,1505
po000674.jpg,1849
po000675.jpg,792
po000676.jpg,1265
po000677.jpg,1346
po000678.jpg,1812
po000679.jpg,850
po000680.jpg,1426
po000681.jpg,1892
po000682.jpg,947
po000683.jpg,1728
po000684.jpg,1368
po000685.jpg,1028
po000686.jpg,1927
po000687.jpg,1419
po000689.jpg,1354
po000693.jpg,1599
po000695.jpg,1854
po000696.jpg,1065
po000697.jpg,831
po000698.jpg,1238
po000699.jpg,208
po000700.jpg,1694
po000701.jpg,1400
po000705.jpg,1356
po000706.jpg,999
po000707.jpg,131
po000708.jpg,152
po000709.jpg,1276
po000710.jpg,2004
po000711.jpg,860
po000712.jpg,218
po000713.jpg,517
po000714.jpg,1122
po000715.jpg,1277
po000716.jpg,1926
po000718.jpg,1517
po000719.jpg,2001
po000720.jpg,1719
po000721.jpg,832
po000722.jpg,534
po000723.jpg,378
po000724.jpg,1018
po000725.jpg,938
po000726.jpg,1406
po000727.jpg,441
po000728.jpg,1708
po000729.jpg,1924
po000730.jpg,1155
po000731.jpg,281
po000732.jpg,1940
po000734.jpg,547
po000735.jpg,1753
po000737.jpg,786
po000738.jpg,2016
po000739.jpg,846
po000741.jpg,220
po000743.jpg,1007
po000744.jpg,1613
po000745.jpg,1501
po000746.jpg,593
po000747.jpg,1160
po000748.jpg,1244
po000749.jpg,1693
po000750.jpg,1476
po000751.jpg,1512
po000752.jpg,845
po000755.jpg,1558
po000759.jpg,1975
po000761.jpg,789
po000762.jpg,1874
po000770.jpg,73
po000776.jpg,1880
po000777.jpg,955
po000780.jpg,724
po000781.jpg,800
po000782.jpg,1884
po000784.jpg,1591
po000785.jpg,402
po000786.jpg,1699
po000787.jpg,399
po000788.jpg,1571
po000789.jpg,326
po000790.jpg,1153
po000791.jpg,1846
po000792.jpg,1714
po000793.jpg,350
po000794.jpg,1323
po000795.jpg,1029
po000796.jpg,1683
po000798.jpg,923
po000799.jpg,1697
po000800.jpg,1094
po000801.jpg,1169
po000802.jpg,1844
po000803.jpg,596
po000804.jpg,331
po000805.jpg,1635
po000806.jpg,355
po000807.jpg,1898
po000808.jpg,1897
po000809.jpg,99
po000810.jpg,1330
po000811.jpg,1896
po000812.jpg,433
po000813.jpg,9
po000814.jpg,1974
po000815.jpg,26
po000816.jpg,1818
po000817.jpg,1803
po000818.jpg,237
po000820.jpg,90
po000846.jpg,1299
po000853.jpg,758
po000856.jpg,1533
po000857.jpg,1525
po000858.jpg,1193
po000860.jpg,936
po000861.jpg,1677
po000862.jpg,1284
po000863.jpg,325
po000864.jpg,126
po000865.jpg,1774
po000866.jpg,1910
po000867.jpg,1243
po000868.jpg,1198
po000869.jpg,1432
po000871.jpg,1730
po000876.jpg,974
po000877.jpg,1657
po000878.jpg,928
po000879.jpg,1566
po000880.jpg,1052
po000882.jpg,451
po000883.jpg,621
po000884.jpg,255
po000885.jpg,1551
po000886.jpg,249
po000887.jpg,660
po000893.jpg,1612
po000895.jpg,898
po000896.jpg,167
po000897.jpg,1839
po000898.jpg,1163
po000899.jpg,1798
po000900.jpg,605
po000901.jpg,1085
po000902.jpg,924
po000903.jpg,1872
po000904.jpg,1829
po000905.jpg,1224
po000906.jpg,880
po000907.jpg,674
po000908.jpg,959
po000909.jpg,1957
po000910.jpg,491
po000911.jpg,211
po000913.jpg,117
po000914.jpg,305
po000915.jpg,1959
po000916.jpg,245
po000917.jpg,1583
po000918.jpg,461
po000919.jpg,1086
po000920.jpg,1327
po000921.jpg,1881
po000922.jpg,646
po000923.jpg,511
po000924.jpg,567
po000925.jpg,565
po000928.jpg,1768
po000930.jpg,612
po000931.jpg,1317
po000932.jpg,1584
po000933.jpg,1644
po000934.jpg,1988
po000935.jpg,754
po000937.jpg,1249
po000939.jpg,1520
po000940.jpg,1181
po000941.jpg,1563
po000942.jpg,369
po000943.jpg,442
po000944.jpg,1953
po000945.jpg,423
po000947.jpg,1631
po000949.jpg,602
po000950.jpg,1260
po000951.jpg,1444
po000952.jpg,1868
po000953.jpg,1154
po000955.jpg,655
po000961.jpg,276
po000975.jpg,1794
po000976.jpg,1015
po000977.jpg,566
po000978.jpg,1033
po000980.jpg,289
po000982.jpg,1365
po000985.jpg,1245
po000991.jpg,216
po000992.jpg,1458
po000995.jpg,84
po001000.jpg,700
po001001.jpg,1925
po001011.jpg,1453
po001012.jpg,103
po001019.jpg,178
po001020.jpg,182
po001023.jpg,1887
po001024.jpg,580
po001025.jpg,1817
po001026.jpg,1038
po001027.jpg,1964
po001028.jpg,358
po001029.jpg,500
po001030.jpg,149
po001031.jpg,342
po001032.jpg,352
po001033.jpg,102
po001034.jpg,420
po001035.jpg,14
po001036.jpg,432
po001037.jpg,1867
po001038.jpg,1656
po001039.jpg,960
po001040.jpg,185
po001041.jpg,1800
po001042.jpg,1576
po001043.jpg,341
po001044.jpg,1765
po001045.jpg,1805
po001046.jpg,1186
po001047.jpg,1720
po001048.jpg,1652
po001049.jpg,343
po001050.jpg,578
po001051.jpg,264
po001052.jpg,499
po001053.jpg,356
po001054.jpg,421
po001055.jpg,542
po001056.jpg,13
po001057.jpg,1806
po001058.jpg,263
po001059.jpg,4
po001060.jpg,1090
po001061.jpg,227
po001062.jpg,1956
po001063.jpg,1960
po001064.jpg,1878
po001065.jpg,1037
po001066.jpg,796
po001067.jpg,1721
po001068.jpg,501
po001069.jpg,1799
po001070.jpg,1883
po001071.jpg,1396
po001072.jpg,1876
po001073.jpg,344
po001074.jpg,1723
po001075.jpg,1722
po001076.jpg,1885
po001077.jpg,1807
po001078.jpg,659
po001079.jpg,1955
po001080.jpg,1777
po001081.jpg,1954
po001082.jpg,679
po001083.jpg,371
po001084.jpg,1062
po001085.jpg,82
po001086.jpg,463
po001087.jpg,1013
po001088.jpg,83
po001089.jpg,86
po001090.jpg,2021
po001091.jpg,5
po001092.jpg,939
po001093.jpg,937
po001094.jpg,1570
po001096.jpg,422
po001097.jpg,261
po001098.jpg,1664
po001099.jpg,1574
po001100.jpg,1111
po001101.jpg,150
po001102.jpg,1617
po001103.jpg,1972
po001104.jpg,11
po001105.jpg,736
po001106.jpg,1034
po001107.jpg,877
po001108.jpg,1338
po001109.jpg,386
po001110.jpg,1696
po001111.jpg,957
po001112.jpg,23
po001113.jpg,1899
po001114.jpg,1808
po001115.jpg,657
po001116.jpg,801
po001117.jpg,502
po001118.jpg,1008
po001119.jpg,1106
po001120.jpg,1894
po001121.jpg,1977
po001122.jpg,1114
po001123.jpg,1035
po001124.jpg,958
po001125.jpg,465
po001126.jpg,577
po001127.jpg,1185
po001128.jpg,184
po001129.jpg,1011
po001130.jpg,1909
po001131.jpg,24
po001132.jpg,1703
po001133.jpg,579
po001134.jpg,802
po001135.jpg,1112
po001136.jpg,1190
po001137.jpg,1895
po001138.jpg,1113
po001139.jpg,101
po001140.jpg,180
po001141.jpg,879
po001142.jpg,187
po001143.jpg,1457
po001144.jpg,1820
po001145.jpg,1191
po001146.jpg,956
po001147.jpg,1731
po001148.jpg,1976
po001149.jpg,357
po001150.jpg,1340
po001151.jpg,1089
po001154.jpg,1961
po001155.jpg,1962
po001156.jpg,1036
po001157.jpg,1886
po001158.jpg,1879
po001159.jpg,723
po001160.jpg,241
po001161.jpg,304
po001162.jpg,1493
po001163.jpg,12
po001164.jpg,1804
po001165.jpg,1882
po001166.jpg,7
po001167.jpg,1958
po001168.jpg,230
po001175.jpg,1692
po001176.jpg,513
po001177.jpg,1228
po001178.jpg,398
po001179.jpg,1545
po001180.jpg,278
po001181.jpg,893
po001182.jpg,658
po001183.jpg,1742
po001184.jpg,257
po001185.jpg,617
po001186.jpg,1744
po001187.jpg,253
po001188.jpg,1119
po001189.jpg,973
po001190.jpg,10
po001191.jpg,310
po001192.jpg,798
po001193.jpg,717
po001194.jpg,1288
po001195.jpg,6
po001196.jpg,1579
po001197.jpg,120
po001198.jpg,1298
po001199.jpg,1099
po001200.jpg,39
po001201.jpg,1619
po001202.jpg,412
po001203.jpg,1182
po001204.jpg,820
po001205.jpg,1170
po001206.jpg,1620
po001207.jpg,171
po001208.jpg,1431
po001209.jpg,1534
po001217.jpg,1194
po001234.jpg,1698
po001235.jpg,104
po001259.jpg,581
po001263.jpg,1436
po001268.jpg,876
po001269.jpg,409
po001270.jpg,1660
po001271.jpg,319
po001272.jpg,1717
po001273.jpg,334
po001280.jpg,1674
po001285.jpg,468
po001288.jpg,373
po001295.jpg,1751
po001296.jpg,299
po001316.jpg,1877
po001317.jpg,1752
po001318.jpg,1404
po001321.jpg,510
po001323.jpg,382
po001324.jpg,151
po001325.jpg,1771
po001326.jpg,72
po001328.jpg,22
po001329.jpg,1816
po001332.jpg,1601
po001333.jpg,878
po001334.jpg,1729
po001336.jpg,1488
po001337.jpg,353
po001338.jpg,100
po001339.jpg,1480
po001340.jpg,1638
po001341.jpg,1671
po001342.jpg,1713
po001343.jpg,148
po001344.jpg,1762
po001346.jpg,1759
po001349.jpg,1482
po001350.jpg,181
po001351.jpg,1184
po001352.jpg,1686
po001353.jpg,8
po001354.jpg,1973
po001355.jpg,1963
po001356.jpg,183
po001357.jpg,1695
po001358.jpg,85
po001374.jpg,381
po001377.jpg,1691
po001384.jpg,772
po001400.jpg,1326
po001401.jpg,1261
po001402.jpg,1655
po001403.jpg,333
po001404.jpg,1479
po001405.jpg,1401
po001406.jpg,46
po001407.jpg,1221
po001408.jpg,1735
po001409.jpg,595
po001410.jpg,296
po001411.jpg,642
po001412.jpg,411
po001413.jpg,1679
po001414.jpg,1199
po001415.jpg,1473
po001416.jpg,1388
po001417.jpg,1248
po001418.jpg,1242
po001419.jpg,33
po001420.jpg,560
po001421.jpg,639
po001422.jpg,1516
po001423.jpg,1541
po001424.jpg,50
po001425.jpg,445
po001426.jpg,32
po001427.jpg,1611
po001428.jpg,346
po001429.jpg,335
po001430.jpg,1647
po001431.jpg,1293
po001432.jpg,301
po001433.jpg,206
po001434.jpg,1144
po001435.jpg,1240
po001436.jpg,164
po001437.jpg,543
po001438.jpg,405
po001439.jpg,1624
po001440.jpg,2010
po001441.jpg,722
po001442.jpg,1329
po001443.jpg,163
po001444.jpg,1640
po001445.jpg,374
po001446.jpg,307
po001447.jpg,1573
po001448.jpg,1772
po001449.jpg,129
po001450.jpg,1491
po001451.jpg,471
po001452.jpg,629
po001453.jpg,706
po001454.jpg,1637
po001455.jpg,380
po001456.jpg,1792
po001460.jpg,320
po001477.jpg,239
po001478.jpg,1831
po001479.jpg,292
po001480.jpg,1220
po001481.jpg,1049
po001482.jpg,316
po001485.jpg,1775
po001487.jpg,842
po001488.jpg,634
po001489.jpg,710
po001494.jpg,366
po001508.jpg,640
po001510.jpg,748
po001514.jpg,1510
po001526.jpg,1475
po001527.jpg,1440
po001539.jpg,498
po001540.jpg,401
po001541.jpg,527
po001545.jpg,611
po001550.jpg,993
po001551.jpg,35
po001555.jpg,919
po001557.jpg,599
po001559.jpg,1213
po001560.jpg,1167
po001561.jpg,1888
po001564.jpg,1120
po001566.jpg,1702
po001568.jpg,1532
po001571.jpg,1351
po001575.jpg,1687
po001577.jpg,1225
po001581.jpg,1986
po001583.jpg,526
po001585.jpg,69
po001587.jpg,1711
po001594.jpg,793
po001595.jpg,587
po001597.jpg,1448
po001599.jpg,1130
po001600.jpg,1208
po001601.jpg,200
po001602.jpg,161
po001603.jpg,93
po001604.jpg,1279
po001605.jpg,489
po001606.jpg,531
po001607.jpg,408
po001608.jpg,769
po001609.jpg,1951
po001610.jpg,1902
po001611.jpg,1623
po001612.jpg,284
po001613.jpg,222
po001614.jpg,1600
po001615.jpg,484
po001616.jpg,812
po001617.jpg,1439
po001618.jpg,906
po001619.jpg,70
po001620.jpg,733
po001621.jpg,1965
po001622.jpg,231
po001623.jpg,811
po001624.jpg,874
po001625.jpg,449
po001626.jpg,532
po001627.jpg,1740
po001628.jpg,1126
po001629.jpg,1471
po001630.jpg,267
po001631.jpg,637
po001632.jpg,522
po001633.jpg,1138
po001634.jpg,217
po001635.jpg,1684
po001636.jpg,1050
po001637.jpg,1200
po001638.jpg,1102
po001639.jpg,1796
po001640.jpg,1546
po001641.jpg,388
po001642.jpg,677
po001643.jpg,1202
po001644.jpg,1905
po001645.jpg,524
po001646.jpg,1915
po001647.jpg,810
po001648.jpg,1659
po001649.jpg,169
po001650.jpg,1833
po001651.jpg,867
po001652.jpg,715
po001653.jpg,574
po001654.jpg,368
po001655.jpg,403
po001656.jpg,28
po001657.jpg,1795
po001658.jpg,1834
po001659.jpg,905
po001660.jpg,925
po001661.jpg,597
po001662.jpg,773
po001663.jpg,536
po001664.jpg,1115
po001665.jpg,345
po001666.jpg,1166
po001667.jpg,1264
po001668.jpg,564
po001669.jpg,1942
po001672.jpg,618
po001676.jpg,1481
po001677.jpg,1445
po001678.jpg,1362
po001679.jpg,1342
po001680.jpg,1746
po001681.jpg,804
po001682.jpg,414
po001683.jpg,1162
po001685.jpg,192
po001686.jpg,1309
po001690.jpg,1216
po001691.jpg,291
po001692.jpg,554
po001693.jpg,759
po001694.jpg,1435
po001695.jpg,1907
po001698.jpg,248
po001699.jpg,362
po001700.jpg,246
po001701.jpg,1174
po001702.jpg,1233
po001703.jpg,598
po001704.jpg,1446
po001705.jpg,1665
po001706.jpg,1588
po001707.jpg,1528
po001708.jpg,1192
po001709.jpg,1922
po001710.jpg,1339
po001711.jpg,1577
po001712.jpg,630
po001713.jpg,308
po001714.jpg,51
po001715.jpg,387
po001716.jpg,1012
po001717.jpg,256
po001718.jpg,1093
po001719.jpg,701
po001720.jpg,142
po001721.jpg,317
po001722.jpg,106
po001723.jpg,240
po001724.jpg,1543
po001725.jpg,1582
po001726.jpg,703
po001727.jpg,1668
po001728.jpg,111
po001729.jpg,1823
po001730.jpg,1239
po001731.jpg,428
po001732.jpg,1979
po001733.jpg,259
po001734.jpg,1608
po001735.jpg,1196
po001736.jpg,1552
po001737.jpg,623
po001738.jpg,1565
po001739.jpg,855
po001740.jpg,675
po001741.jpg,645
po001743.jpg,1263
po001744.jpg,1272
po001745.jpg,488
po001746.jpg,1966
po001747.jpg,1308
po001748.jpg,323
po001749.jpg,892
po001750.jpg,172
po001751.jpg,170
po001752.jpg,1229
po001753.jpg,92
po001754.jpg,794
po001755.jpg,480
po001756.jpg,367
po001757.jpg,563
po001759.jpg,496
po001760.jpg,254
po001761.jpg,966
po001762.jpg,964
po001763.jpg,967
po001764.jpg,1670
po001765.jpg,885
po001766.jpg,1747
po001767.jpg,1117
po001768.jpg,652
po001769.jpg,830
po001770.jpg,61
po001771.jpg,1069
po001772.jpg,1395
po001773.jpg,881
po001774.jpg,1042
po001775.jpg,1146
po001776.jpg,803
po001777.jpg,1227
po001778.jpg,731
po001779.jpg,807
po001780.jpg,806
po001781.jpg,1305
po001782.jpg,883
po001783.jpg,886
po001784.jpg,1148
po001785.jpg,651
po001786.jpg,1116
po001787.jpg,805
po001788.jpg,575
po001789.jpg,884
po001790.jpg,965
po001791.jpg,887
po001792.jpg,497
po001794.jpg,52
po001795.jpg,963
po001796.jpg,961
po001797.jpg,962
po001798.jpg,650
po001799.jpg,649
po001800.jpg,1990
po001801.jpg,1832
po001802.jpg,1835
po001803.jpg,1989
po001804.jpg,572
po001805.jpg,1557
po001806.jpg,114
po001807.jpg,1991
po001808.jpg,1827
po001809.jpg,1246
po001810.jpg,890
po001811.jpg,2025
po001812.jpg,1165
po001813.jpg,81
po001814.jpg,1822
po001815.jpg,1271
po001816.jpg,1649
po001817.jpg,1006
po001818.jpg,1837
po001819.jpg,42
po001820.jpg,1128
po001821.jpg,1838
po001822.jpg,816
po001823.jpg,1180
po001824.jpg,315
po001825.jpg,313
po001826.jpg,680
po001827.jpg,121
po001829.jpg,712
po001830.jpg,1992
po001831.jpg,1092
po001832.jpg,1282
po001833.jpg,888
po001834.jpg,1900
po001835.jpg,1914
po001836.jpg,275
po001837.jpg,40
po001838.jpg,309
po001839.jpg,29
po001840.jpg,1836
po001841.jpg,119
po001842.jpg,391
po001843.jpg,1921
po001844.jpg,1913
po001845.jpg,199
po001846.jpg,1673
po001847.jpg,1072
po001848.jpg,576
po001849.jpg,123
po001850.jpg,1209
po001855.jpg,1383
po001856.jpg,195
po001858.jpg,1046
po001861.jpg,788
po001862.jpg,1071
po001864.jpg,44
po001866.jpg,631
po001867.jpg,551
po001869.jpg,1379
po001870.jpg,1060
po001871.jpg,729
po001872.jpg,424
po001873.jpg,34
po001874.jpg,753
po001901.jpg,1486
po001902.jpg,686
po001903.jpg,48
po001904.jpg,1129
po001905.jpg,45
po001906.jpg,988
po001907.jpg,1590
po001908.jpg,1936
po001909.jpg,755
po001910.jpg,1904
po001911.jpg,1300
po001912.jpg,1998
po001913.jpg,908
po001914.jpg,1297
po001915.jpg,1995
po001916.jpg,997
po001917.jpg,1873
po001918.jpg,1132
po001919.jpg,711
po001920.jpg,79
po001921.jpg,917
po001922.jpg,785
po001923.jpg,1669
po001924.jpg,1470
po001925.jpg,77
po001926.jpg,839
po001927.jpg,1840
po001928.jpg,861
po001929.jpg,725
po001930.jpg,620
po001931.jpg,916
po001932.jpg,692
po001933.jpg,1151
po001934.jpg,734
po001935.jpg,156
po001936.jpg,1996
po001937.jpg,770
po001938.jpg,1009
po001939.jpg,851
po001940.jpg,635
po001941.jpg,155
po001942.jpg,681
po001943.jpg,684
po001944.jpg,1994
po001945.jpg,1375
po001946.jpg,995
po001947.jpg,912
po001948.jpg,294
po001949.jpg,78
po001950.jpg,1527
po001951.jpg,853
po001952.jpg,771
po001953.jpg,31
po001954.jpg,1125
po001955.jpg,1778
po001956.jpg,1981
po001957.jpg,868
po001958.jpg,1068
po001959.jpg,1223
po001960.jpg,1934
po001961.jpg,1387
po001962.jpg,550
po001964.jpg,1236
po001967.jpg,1748
po001968.jpg,1911
po001969.jpg,1134
po001971.jpg,1654
po001972.jpg,2
po001973.jpg,238
po001975.jpg,1005
po001976.jpg,233
po001977.jpg,1235
po001978.jpg,742
po001979.jpg,553
po001980.jpg,625
po001981.jpg,1616
po001982.jpg,1784
po001983.jpg,1211
po001984.jpg,1536
po001985.jpg,1212
po001986.jpg,666
po001987.jpg,745
po001988.jpg,204
po001989.jpg,591
po001990.jpg,1054
po001991.jpg,1084
po001992.jpg,1743
po001993.jpg,813
po001994.jpg,165
po001995.jpg,396
po001996.jpg,1625
po001997.jpg,435
po001998.jpg,1158
po001999.jpg,1124
po002000.jpg,1352
po002001.jpg,385
po002002.jpg,360
po002003.jpg,1135
po002004.jpg,1321
po002005.jpg,1315
po002006.jpg,1082
po002007.jpg,1555
po002008.jpg,1393
po002010.jpg,588
po002011.jpg,1790
po002012.jpg,1399
po002015.jpg,1437
po002016.jpg,1237
po002017.jpg,1459
po002018.jpg,1378
po002019.jpg,1681
po002020.jpg,743
po002021.jpg,439
po002022.jpg,1628
po002023.jpg,1214
po002024.jpg,904
po002025.jpg,1633
po002026.jpg,903
po002027.jpg,716
po002028.jpg,521
po002029.jpg,1586
po002030.jpg,1136
po002031.jpg,1950
po002032.jpg,1377
po002033.jpg,1080
po002034.jpg,1472
po002035.jpg,1550
po002036.jpg,665
po002037.jpg,1712
po002038.jpg,1549
po002039.jpg,1058
po002041.jpg,1159
po002042.jpg,744
po002044.jpg,1615
po002047.jpg,1051
po002050.jpg,1704
po002051.jpg,43
po002052.jpg,0
po002053.jpg,899
po002054.jpg,1547
po002055.jpg,1469
po002056.jpg,1622
po002057.jpg,1074
po002058.jpg,976
po002059.jpg,825
po002060.jpg,1782
po002061.jpg,1511
po002062.jpg,977
po002063.jpg,669
po002064.jpg,1466
po002065.jpg,822
po002066.jpg,1627
po002067.jpg,1059
po002068.jpg,979
po002069.jpg,826
po002070.jpg,821
po002071.jpg,1634
po002072.jpg,902
po002073.jpg,667
po002074.jpg,746
po002075.jpg,1081
po002076.jpg,1706
po002077.jpg,1380
po002078.jpg,1056
po002079.jpg,668
po002080.jpg,747
po002081.jpg,900
po002082.jpg,512
po002083.jpg,824
po002084.jpg,1967
po002085.jpg,590
po002086.jpg,980
po002087.jpg,1544
po002088.jpg,823
po002089.jpg,434
po002090.jpg,1057
po002091.jpg,89
po002092.jpg,901
po002093.jpg,978
po002096.jpg,1210
po002099.jpg,1302
po002100.jpg,483
po002115.jpg,514
po002118.jpg,533
po002119.jpg,1275
po002124.jpg,1143
po002133.jpg,1376
po002134.jpg,1785
po002135.jpg,1680
po002136.jpg,2017
po002137.jpg,644
po002138.jpg,1463
po002152.jpg,67
po002155.jpg,1946
po002156.jpg,1402
po002160.jpg,1542
po002161.jpg,1944
po002162.jpg,1358
po002163.jpg,1938
po002164.jpg,302
po002166.jpg,186
po002172.jpg,1420
po002173.jpg,144
po002174.jpg,147
po002175.jpg,1095
po002176.jpg,848
po002177.jpg,540
po002178.jpg,1672
po002180.jpg,1498
po002181.jpg,2018
po002182.jpg,2015
po002183.jpg,65
po002184.jpg,1937
po002185.jpg,146
po002186.jpg,1941
po002189.jpg,1560
po002190.jpg,1755
po002193.jpg,168
po002194.jpg,201
po002196.jpg,2024
po002197.jpg,1943
po002198.jpg,1757
po002199.jpg,1945
po002200.jpg,145
po002201.jpg,453
po002203.jpg,515
po002207.jpg,1390
po002208.jpg,608
po002209.jpg,1474
po002210.jpg,1319
po002212.jpg,337
po002213.jpg,347
po002214.jpg,520
po002216.jpg,321
po002217.jpg,274
po002218.jpg,2023
po002219.jpg,1559
po002220.jpg,688
po002221.jpg,207
po002222.jpg,1096
po002223.jpg,1865
po002224.jpg,1642
po002225.jpg,361
po002226.jpg,364
po002227.jpg,286
po002228.jpg,1641
po002229.jpg,153
po002230.jpg,828
po002231.jpg,71
po002232.jpg,1769
po002233.jpg,1709
po002235.jpg,1645
po002236.jpg,1032
po002237.jpg,541
po002239.jpg,1314
po002240.jpg,417
po002241.jpg,437
po002242.jpg,282
po002243.jpg,1630
po002244.jpg,1310
po002245.jpg,1489
po002248.jpg,242
po002249.jpg,707
po002250.jpg,1866
po002251.jpg,1251
po002252.jpg,454
po002253.jpg,626
po002254.jpg,143
po002255.jpg,672
po002256.jpg,610
po002257.jpg,781
po002258.jpg,438
po002259.jpg,998
po002264.jpg,1234
po002265.jpg,457
po002266.jpg,338
po002267.jpg,166
po002268.jpg,219
po002269.jpg,2000
po002270.jpg,690
po002271.jpg,258
po002272.jpg,1307
po002273.jpg,128
po002274.jpg,359
po002275.jpg,1001
po002276.jpg,548
po002277.jpg,440
po002278.jpg,1000
po002279.jpg,750
po002280.jpg,1405
po002281.jpg,585
po002282.jpg,594
po002283.jpg,1078
po002284.jpg,436
po002285.jpg,298
po002286.jpg,1312
po002287.jpg,1044
po002288.jpg,2002
po002289.jpg,283
po002290.jpg,705
po002291.jpg,109
po002292.jpg,336
po002293.jpg,1349
po002294.jpg,1554
po002295.jpg,528
po002296.jpg,1596
po002297.jpg,416
po002301.jpg,749
po002304.jpg,1247
po002342.jpg,783
po002344.jpg,1639
po002347.jpg,509
po002348.jpg,469
po002349.jpg,1984
po002350.jpg,1604
po002351.jpg,16
po002352.jpg,1539
po002353.jpg,324
po002354.jpg,1429
po002355.jpg,1016
po002356.jpg,478
po002357.jpg,840
po002358.jpg,559
po002359.jpg,1906
po002363.jpg,972
po002365.jpg,389
po002366.jpg,1564
po002368.jpg,1828
po002369.jpg,1055
po002370.jpg,895
po002371.jpg,1621
po002372.jpg,1567
po002373.jpg,838
po002374.jpg,318
po002375.jpg,968
po002377.jpg,1531
po002378.jpg,933
po002379.jpg,1108
po002380.jpg,1809
po002381.jpg,94
po002382.jpg,312
po002383.jpg,1301
po002384.jpg,970
po002385.jpg,1949
po002386.jpg,494
po002387.jpg,1773
po002388.jpg,762
po002389.jpg,1413
po002390.jpg,1916
po002391.jpg,556
po002392.jpg,518
po002393.jpg,570
po002394.jpg,477
po002395.jpg,1548
po002396.jpg,609
po002397.jpg,1047
po002398.jpg,1197
po002399.jpg,664
po002400.jpg,173
po002401.jpg,41
po002402.jpg,1285
po002403.jpg,835
po002404.jpg,470
po002405.jpg,600
po002406.jpg,1053
po002407.jpg,829
po002408.jpg,1320
po002409.jpg,2027
po002410.jpg,1187
po002411.jpg,1
po002412.jpg,390
po002413.jpg,636
po002414.jpg,1521
po002415.jpg,1522
po002416.jpg,1392
po002417.jpg,15
po002418.jpg,601
po002419.jpg,1087
po002420.jpg,95
po002421.jpg,365
po002422.jpg,444
po002423.jpg,1232
po002424.jpg,448
po002425.jpg,1414
po002426.jpg,1718
po002427.jpg,1337
po002428.jpg,466
po002429.jpg,1661
po002430.jpg,1255
po002431.jpg,1581
po002432.jpg,530
po002433.jpg,653
po002434.jpg,1442
po002435.jpg,1017
po002436.jpg,1908
po002437.jpg,1847
po002438.jpg,552
po002439.jpg,189
po002440.jpg,474
po002442.jpg,1064
po002443.jpg,1394
po002444.jpg,1389
po002445.jpg,1226
po002446.jpg,1745
po002447.jpg,1014
po002448.jpg,492
po002449.jpg,1253
po002450.jpg,1109
po002451.jpg,1427
po002452.jpg,638
po002453.jpg,38
po002454.jpg,1519
po002455.jpg,327
po002456.jpg,991
po002457.jpg,863
po002458.jpg,1311
po002459.jpg,473
po002460.jpg,992
po002461.jpg,1140
po002463.jpg,88
po002464.jpg,1483
po002465.jpg,456
po002466.jpg,314
po002468.jpg,913
po002469.jpg,415
po002470.jpg,989
po002471.jpg,914
po002472.jpg,1985
po002474.jpg,487
po002475.jpg,1610
po002476.jpg,1142
po002477.jpg,1789
po002478.jpg,1230
po002479.jpg,1715
po002480.jpg,3
po002481.jpg,799
po002482.jpg,718
po002483.jpg,462
po002484.jpg,383
po002485.jpg,91
po002487.jpg,696
po002488.jpg,2019
po002489.jpg,132
po002490.jpg,523
po002491.jpg,446
po002492.jpg,719
po002493.jpg,1556
po002495.jpg,817
po002496.jpg,329
po002498.jpg,2005
po002499.jpg,1870
po002500.jpg,843
po002503.jpg,857
po002504.jpg,1523
po002505.jpg,546
po002506.jpg,1149
po002507.jpg,1825
po002508.jpg,87
po002509.jpg,1947
po002510.jpg,1139
po002511.jpg,273
po002512.jpg,504
po002513.jpg,1137
po002514.jpg,232
po002515.jpg,932
po002517.jpg,994
po002518.jpg,622
po002519.jpg,243
po002520.jpg,787
po002521.jpg,1826
po002522.jpg,1871
po002523.jpg,1295
po002524.jpg,481
po002525.jpg,558
po002526.jpg,290
po002527.jpg,1676
po002528.jpg,400
po002529.jpg,732
po002530.jpg,288
po002531.jpg,1215
po002532.jpg,479
po002533.jpg,714
po002534.jpg,1292
po002535.jpg,944
po002537.jpg,894
po002538.jpg,775
po002539.jpg,784
po002540.jpg,1776
po002588.jpg,1391
po002617.jpg,948
po002618.jpg,1168
po002643.jpg,138
po002649.jpg,1172
po002651.jpg,1411
po002652.jpg,221
po002653.jpg,1603
po002654.jpg,300
po002655.jpg,1863
po002656.jpg,64
po002657.jpg,1408
po002663.jpg,776
po002757.jpg,377
po002758.jpg,139
po004024.jpg,1667
po004048.jpg,250
po004094.jpg,704
po004110.jpg,287
po004118.jpg,833
po004129.jpg,279
po004142.jpg,2003
po005094.jpg,1331
po005234.jpg,519
po005292.jpg,1754
po005361.jpg,862
po005440.jpg,1364
po005520.jpg,1291
po005589.jpg,537
po005603.jpg,1861
po005624.jpg,1150
po005625.jpg,112
po005627.jpg,627
po005629.jpg,808
po005638.jpg,328
po005639.jpg,1161
po005640.jpg,1893
po005663.jpg,1123
po005666.jpg,1031
po005764.jpg,1592
po005803.jpg,460
po005829.jpg,252
po005904.jpg,1845
po005993.jpg,952
po006022.jpg,1842
po006047.jpg,277
po006065.jpg,986
po006096.jpg,1663
po006120.jpg,1811
po006128.jpg,1815
po006131.jpg,1535
po006136.jpg,1578
po006138.jpg,1443
po006166.jpg,1250
po006180.jpg,1530
po006181.jpg,116
po006204.jpg,633
po006205.jpg,1043
po006206.jpg,1121
po006207.jpg,1175
po006208.jpg,1039
po006209.jpg,922
po006210.jpg,140
po006211.jpg,866
po006212.jpg,177
po006213.jpg,1201
po006215.jpg,1370
po006216.jpg,1384
po006217.jpg,1019
po006228.jpg,927
po006232.jpg,1518
po006236.jpg,349
po006239.jpg,306
po006253.jpg,1767
po006261.jpg,413
po006262.jpg,1403
po006265.jpg,224
po006267.jpg,1606
po006280.jpg,761
po006281.jpg,1461
po006284.jpg,1788
po006285.jpg,1258
po006287.jpg,464
po006293.jpg,1465
po006294.jpg,1020
po006295.jpg,1373
po006299.jpg,676
po006300.jpg,1605
po006301.jpg,1467
po006304.jpg,1766
po006307.jpg,1217
po006308.jpg,1860
po006311.jpg,1859
po006314.jpg,1219
po006319.jpg,1675
po006320.jpg,983
po006322.jpg,270
po006323.jpg,59
po006324.jpg,280
po006325.jpg,60
po006326.jpg,419
po006330.jpg,1786
po006331.jpg,1218
po006332.jpg,1097
po006334.jpg,508
po006337.jpg,984
po006338.jpg,1858
po006339.jpg,2011
po006340.jpg,1360
po006341.jpg,1918
po006344.jpg,795
po006356.jpg,1179
po006375.jpg,68
po006377.jpg,1741
po006378.jpg,1705
po006379.jpg,1021
po006380.jpg,215
po006381.jpg,865
po006382.jpg,1932
po006384.jpg,815
po006396.jpg,1336
po006403.jpg,1701
po006404.jpg,1073
po006405.jpg,1254
po006406.jpg,427
po006407.jpg,945
po006408.jpg,271
po006411.jpg,1101
po006423.jpg,1195
po006426.jpg,1653
po006431.jpg,1629
po006434.jpg,1256
po006437.jpg,1023
po006440.jpg,124
po006443.jpg,295
po006444.jpg,1173
po006446.jpg,1614
po006447.jpg,1678
po006448.jpg,1381
po006449.jpg,1952
po006451.jpg,1779
po006453.jpg,525
po006456.jpg,115
po006462.jpg,159
po006474.jpg,426
po006481.jpg,62
po006482.jpg,757
po006511.jpg,1507
po006512.jpg,982
po006518.jpg,535
po006519.jpg,418
po006524.jpg,209
po006528.jpg,1334
po006529.jpg,1318
po006530.jpg,1098
po006531.jpg,942
po006533.jpg,656
po006534.jpg,1454
po006536.jpg,985
po006537.jpg,1022
po006538.jpg,1335
po006540.jpg,1257
po006542.jpg,1177
po006543.jpg,943
po006544.jpg,1100
po006546.jpg,837
po006550.jpg,941
po006551.jpg,1562
po006552.jpg,193
po006554.jpg,458
po006555.jpg,1048
po006556.jpg,647
po006557.jpg,1857
po006558.jpg,907
po006559.jpg,251
po006560.jpg,726
po006563.jpg,1648
po006567.jpg,1935
po006568.jpg,2013
po006570.jpg,1178
po006571.jpg,1294
po006572.jpg,272
po006573.jpg,1296
po006576.jpg,1371
po006577.jpg,269
po006580.jpg,27
po006584.jpg,1063
po006587.jpg,1077
po006597.jpg,603
po006598.jpg,1593
po006599.jpg,1333
po006600.jpg,1933
po006606.jpg,889
po006607.jpg,297
po006608.jpg,911
po006610.jpg,113
po006611.jpg,1203
po006617.jpg,1524
po006620.jpg,485
po006622.jpg,1451
po006623.jpg,406
po006624.jpg,392
po006625.jpg,856
po006626.jpg,1787
po006628.jpg,738
po006630.jpg,682
po006631.jpg,1452
po006632.jpg,404
po006635.jpg,1141
po006637.jpg,1529
po006639.jpg,1509
po006640.jpg,507
po006642.jpg,63
po006643.jpg,2012
po006646.jpg,203
po006649.jpg,1176
po006650.jpg,1372
po006656.jpg,1449
po006661.jpg,1919
po006664.jpg,765
po006665.jpg,475
po006666.jpg,1207
po006667.jpg,1761
po006668.jpg,836
po006672.jpg,1434
po006673.jpg,202
po006674.jpg,459
po006675.jpg,303
po006676.jpg,2009
po006680.jpg,1931
po006681.jpg,1241
po006682.jpg,1997
po006683.jpg,571
po006684.jpg,493
po006686.jpg,47
po006687.jpg,606
po006688.jpg,990
po006694.jpg,1855
po006696.jpg,1164
po006700.jpg,1066
po006701.jpg,97
po006703.jpg,1316
po006707.jpg,648
po006708.jpg,730
po006709.jpg,495
po006739.jpg,764
po006740.jpg,996
po006741.jpg,760
po006742.jpg,1347
po006743.jpg,1367
po006744.jpg,467
po006745.jpg,191
po006746.jpg,234
po006747.jpg,1856
po006748.jpg,175
po006749.jpg,918
po006750.jpg,921
po006751.jpg,632
po006752.jpg,1273
po006753.jpg,1204
po006754.jpg,137
po006755.jpg,708
po006758.jpg,573
po006759.jpg,882
po006760.jpg,2014
po006761.jpg,763
po006763.jpg,854
po006775.jpg,641
po006786.jpg,154
po006787.jpg,58
po006788.jpg,1332
po006789.jpg,194
po006790.jpg,544
po006793.jpg,247
po006794.jpg,1889
po006796.jpg,268
po006797.jpg,864
