po002052.jpg,0
po006462.jpg,1
po001358.jpg,2
po002463.jpg,3
po001649.jpg,4
po001603.jpg,5
po000599.jpg,6
po001112.jpg,7
po000815.jpg,8
po001656.jpg,9
po001953.jpg,10
po001551.jpg,11
po006789.jpg,12
po001841.jpg,13
po001845.jpg,14
po000314.jpg,15
po000239.jpg,16
po000707.jpg,17
po000600.jpg,18
po006380.jpg,19
po006210.jpg,20
po000062.jpg,21
po002200.jpg,22
po001343.jpg,23
po001324.jpg,24
po001925.jpg,25
po000352.jpg,26
po001482.jpg,27
po001723.jpg,28
po000787.jpg,29
po002353.jpg,30
po002455.jpg,31
po001187.jpg,32
po001184.jpg,33
po000027.jpg,34
po001097.jpg,35
po001034.jpg,36
po006577.jpg,37
po006322.jpg,38
po002511.jpg,39
po000812.jpg,40
po000731.jpg,41
po002242.jpg,42
po002226.jpg,43
po002530.jpg,44
po001691.jpg,45
po000882.jpg,46
po002252.jpg,47
po006554.jpg,48
po006674.jpg,49
po001086.jpg,50
po000324.jpg,51
po001980.jpg,52
po001867.jpg,53
po006665.jpg,54
po002391.jpg,55
po002525.jpg,56
po000399.jpg,57
po000388.jpg,58
po001741.jpg,59
po006683.jpg,60
po001785.jpg,61
po000328.jpg,62
po001115.jpg,63
po000578.jpg,64
po002347.jpg,65
po001986.jpg,66
po000317.jpg,67
po001409.jpg,68
po006299.jpg,69
po002418.jpg,70
po000306.jpg,71
po000099.jpg,72
po002396.jpg,73
po001932.jpg,74
po000490.jpg,75
po000666.jpg,76
po001719.jpg,77
po000115.jpg,78
po001922.jpg,79
po006797.jpg,80
po000469.jpg,81
po001652.jpg,82
po000205.jpg,83
po001333.jpg,84
po001141.jpg,85
po001787.jpg,86
po001783.jpg,87
po001647.jpg,88
po001181.jpg,89
po000174.jpg,90
po002070.jpg,91
po002065.jpg,92
po002026.jpg,93
po002407.jpg,94
po000697.jpg,95
po006482.jpg,96
po001926.jpg,97
po006739.jpg,98
po000084.jpg,99
po000902.jpg,100
po001939.jpg,101
po000510.jpg,102
po000295.jpg,103
po000976.jpg,104
po006550.jpg,105
po006543.jpg,106
po006407.jpg,107
po000552.jpg,108
po005666.jpg,109
po001106.jpg,110
po001111.jpg,111
po001796.jpg,112
po001774.jpg,113
po002375.jpg,114
po001628.jpg,115
po001820.jpg,116
po002062.jpg,117
po002093.jpg,118
po002510.jpg,119
po006635.jpg,120
po001434.jpg,121
po001958.jpg,122
po001946.jpg,123
po001916.jpg,124
po000730.jpg,125
po002041.jpg,126
po001975.jpg,127
po002419.jpg,128
po001087.jpg,129
po000472.jpg,130
po005094.jpg,131
po006528.jpg,132
po006285.jpg,133
po001351.jpg,134
po002410.jpg,135
po000632.jpg,136
po000564.jpg,137
po002000.jpg,138
po002398.jpg,139
po000237.jpg,140
po000498.jpg,141
po000318.jpg,142
po001983.jpg,143
po002023.jpg,144
po002523.jpg,145
po006314.jpg,146
po000846.jpg,147
po002099.jpg,148
po001777.jpg,149
po001961.jpg,150
po002286.jpg,151
po002008.jpg,152
po006681.jpg,153
po002004.jpg,154
po001405.jpg,155
po000180.jpg,156
po002366.jpg,157
po000686.jpg,158
po002425.jpg,159
po000030.jpg,160
po001711.jpg,161
po000623.jpg,162
po000680.jpg,163
po006511.jpg,164
po000331.jpg,165
po000784.jpg,166
po000011.jpg,167
po002296.jpg,168
po001677.jpg,169
po001597.jpg,170
po006656.jpg,171
po001011.jpg,172
po000856.jpg,173
po000106.jpg,174
po001102.jpg,175
po001724.jpg,176
po000326.jpg,177
po002066.jpg,178
po000885.jpg,179
po002025.jpg,180
po000805.jpg,181
po000975.jpg,182
po000899.jpg,183
po000461.jpg,184
po000817.jpg,185
po001334.jpg,186
po000483.jpg,187
po000570.jpg,188
po000575.jpg,189
po000350.jpg,190
po002446.jpg,191
po001923.jpg,192
po000904.jpg,193
po001801.jpg,194
po001658.jpg,195
po001818.jpg,196
po000897.jpg,197
po006022.jpg,198
po002437.jpg,199
po000700.jpg,200
po000865.jpg,201
po006747.jpg,202
po000267.jpg,203
po002060.jpg,204
po002233.jpg,205
po002477.jpg,206
po000351.jpg,207
po000762.jpg,208
po001081.jpg,209
po001167.jpg,210
po001063.jpg,211
po001155.jpg,212
po001746.jpg,213
po000653.jpg,214
po001103.jpg,215
po000814.jpg,216
po000457.jpg,217
po001956.jpg,218
po002349.jpg,219
po000484.jpg,220
po001844.jpg,221
po001646.jpg,222
po000310.jpg,223
po001843.jpg,224
po000729.jpg,225
po000588.jpg,226
po000553.jpg,227
po006339.jpg,228
po006760.jpg,229
po002181.jpg,230
po002488.jpg,231
po002196.jpg,232
po002409.jpg,233
